Customer_ID,Product_ID,Product_Category,Purchase_History,Rating,Browsing_Behaviour
C145,P110,Mobile & Accessories,1,4,35
C055,P104,Laptops & Computers,3,5,19
C124,P112,Photography & Cameras,1,2,10
C054,P118,Audio & Sound,1,4,27
C108,P105,Laptops & Computers,2,3,17
C081,P136,Fashion & Lifestyle,4,5,47
C148,P119,Audio & Sound,5,3,39
C147,P122,Fitness & Sports,2,5,26
C118,P137,Fashion & Lifestyle,3,5,14
C115,P107,Mobile & Accessories,2,5,27
C044,P129,Kitchen & Dining,3,4,32
C138,P125,Fitness & Sports,3,4,43
C127,P127,Kitchen & Dining,2,4,31
C032,P137,Fashion & Lifestyle,1,4,22
C004,P123,Fitness & Sports,1,4,27
C097,P113,Photography & Cameras,2,5,33
C031,P106,Mobile & Accessories,1,5,24
C093,P104,Laptops & Computers,2,4,11
C059,P134,Gaming & Esports,2,5,32
C035,P138,Fashion & Lifestyle,5,5,43
C049,P101,Laptops & Computers,4,5,37
C069,P124,Fitness & Sports,2,5,5
C062,P116,Audio & Sound,6,5,43
C038,P133,Gaming & Esports,3,5,34
C048,P118,Audio & Sound,3,4,52
C028,P113,Photography & Cameras,6,5,64
C104,P112,Photography & Cameras,7,5,62
C093,P113,Photography & Cameras,3,3,7
C071,P116,Audio & Sound,1,4,9
C049,P123,Fitness & Sports,2,2,15
C115,P134,Gaming & Esports,1,5,10
C144,P102,Laptops & Computers,1,3,15
C083,P107,Mobile & Accessories,5,4,35
C134,P114,Photography & Cameras,1,4,15
C011,P139,Fashion & Lifestyle,1,5,12
C084,P104,Laptops & Computers,5,4,51
C148,P114,Photography & Cameras,3,5,47
C047,P119,Audio & Sound,2,4,33
C039,P125,Fitness & Sports,4,5,50
C052,P130,Kitchen & Dining,2,4,30
C049,P104,Laptops & Computers,5,5,42
C017,P104,Laptops & Computers,2,4,16
C008,P111,Photography & Cameras,3,2,25
C003,P112,Photography & Cameras,1,2,8
C134,P111,Photography & Cameras,2,4,15
C035,P137,Fashion & Lifestyle,2,5,33
C007,P126,Kitchen & Dining,2,3,15
C126,P132,Gaming & Esports,3,4,24
C102,P125,Fitness & Sports,3,4,38
C076,P103,Laptops & Computers,1,3,9
C052,P107,Mobile & Accessories,1,3,13
C023,P110,Mobile & Accessories,1,5,41
C106,P122,Fitness & Sports,3,2,21
C115,P119,Audio & Sound,3,4,37
C008,P118,Audio & Sound,6,5,61
C044,P137,Fashion & Lifestyle,2,4,33
C049,P133,Gaming & Esports,2,4,19
C065,P113,Photography & Cameras,2,1,8
C100,P131,Gaming & Esports,6,5,49
C103,P109,Mobile & Accessories,5,5,44
C093,P117,Audio & Sound,1,1,19
C081,P137,Fashion & Lifestyle,4,5,47
C069,P103,Laptops & Computers,1,4,25
C024,P109,Mobile & Accessories,1,4,45
C013,P115,Photography & Cameras,2,4,19
C065,P103,Laptops & Computers,1,4,17
C009,P119,Audio & Sound,3,5,34
C084,P103,Laptops & Computers,1,3,29
C142,P107,Mobile & Accessories,4,5,42
C078,P133,Gaming & Esports,3,5,39
C007,P105,Laptops & Computers,3,5,36
C008,P114,Photography & Cameras,1,4,4
C044,P107,Mobile & Accessories,1,1,17
C126,P114,Photography & Cameras,1,5,31
C024,P117,Audio & Sound,3,5,44
C013,P126,Kitchen & Dining,3,4,38
C109,P108,Mobile & Accessories,3,5,31
C038,P103,Laptops & Computers,7,4,48
C137,P101,Laptops & Computers,3,4,33
C098,P115,Photography & Cameras,2,5,31
C098,P128,Kitchen & Dining,1,4,4
C034,P137,Fashion & Lifestyle,1,3,25
C113,P104,Laptops & Computers,1,4,15
C027,P131,Gaming & Esports,8,5,58
C018,P120,Audio & Sound,4,4,39
C144,P110,Mobile & Accessories,2,5,28
C072,P124,Fitness & Sports,1,3,20
C061,P129,Kitchen & Dining,2,4,8
C089,P136,Fashion & Lifestyle,3,4,33
C108,P117,Audio & Sound,2,4,13
C139,P117,Audio & Sound,3,4,31
C101,P108,Mobile & Accessories,1,2,6
C134,P106,Mobile & Accessories,3,5,39
C128,P132,Gaming & Esports,1,4,16
C147,P110,Mobile & Accessories,3,3,36
C049,P122,Fitness & Sports,1,3,16
C036,P129,Kitchen & Dining,1,5,22
C008,P112,Photography & Cameras,1,3,20
C084,P102,Laptops & Computers,2,5,43
C090,P120,Audio & Sound,5,4,43
C028,P122,Fitness & Sports,2,3,24
C146,P108,Mobile & Accessories,2,2,29
C054,P122,Fitness & Sports,1,3,10
C140,P134,Gaming & Esports,2,4,14
C147,P112,Photography & Cameras,3,4,19
C090,P104,Laptops & Computers,4,4,45
C150,P107,Mobile & Accessories,3,4,30
C081,P139,Fashion & Lifestyle,2,5,35
C096,P109,Mobile & Accessories,2,4,21
C004,P134,Gaming & Esports,1,4,16
C059,P105,Laptops & Computers,2,4,38
C055,P124,Fitness & Sports,8,5,58
C104,P122,Fitness & Sports,3,5,13
C119,P138,Fashion & Lifestyle,2,4,27
C014,P103,Laptops & Computers,3,4,46
C069,P132,Gaming & Esports,2,4,33
C043,P139,Fashion & Lifestyle,1,3,26
C054,P140,Fashion & Lifestyle,3,4,43
C108,P104,Laptops & Computers,1,5,11
C140,P104,Laptops & Computers,1,2,12
C038,P107,Mobile & Accessories,1,3,13
C019,P111,Photography & Cameras,8,4,56
C025,P117,Audio & Sound,3,5,23
C123,P105,Laptops & Computers,1,3,12
C039,P122,Fitness & Sports,1,4,22
C133,P136,Fashion & Lifestyle,1,3,23
C131,P123,Fitness & Sports,1,4,15
C084,P110,Mobile & Accessories,2,4,28
C110,P113,Photography & Cameras,3,2,24
C039,P117,Audio & Sound,2,5,35
C060,P119,Audio & Sound,2,4,38
C068,P119,Audio & Sound,3,4,13
C109,P110,Mobile & Accessories,4,4,41
C068,P130,Kitchen & Dining,7,5,55
C015,P101,Laptops & Computers,3,3,31
C134,P107,Mobile & Accessories,3,5,38
C105,P138,Fashion & Lifestyle,3,4,36
C122,P137,Fashion & Lifestyle,3,4,33
C099,P113,Photography & Cameras,2,3,17
C122,P127,Kitchen & Dining,3,5,37
C143,P131,Gaming & Esports,1,3,9
C033,P120,Audio & Sound,2,5,23
C104,P123,Fitness & Sports,1,4,12
C021,P133,Gaming & Esports,1,4,8
C020,P109,Mobile & Accessories,4,5,31
C006,P104,Laptops & Computers,4,3,36
C092,P120,Audio & Sound,2,5,11
C036,P132,Gaming & Esports,2,4,19
C094,P117,Audio & Sound,5,3,51
C118,P136,Fashion & Lifestyle,1,2,11
C124,P103,Laptops & Computers,8,3,69
C012,P137,Fashion & Lifestyle,3,5,41
C058,P105,Laptops & Computers,3,5,38
C101,P128,Kitchen & Dining,1,5,10
C081,P140,Fashion & Lifestyle,4,5,48
C036,P134,Gaming & Esports,1,5,16
C107,P111,Photography & Cameras,5,5,50
C149,P137,Fashion & Lifestyle,1,2,5
C064,P106,Mobile & Accessories,3,5,37
C009,P131,Gaming & Esports,2,2,16
C032,P102,Laptops & Computers,5,4,44
C139,P134,Gaming & Esports,1,5,9
C068,P126,Kitchen & Dining,4,5,42
C086,P107,Mobile & Accessories,3,4,44
C123,P101,Laptops & Computers,1,1,4
C056,P120,Audio & Sound,5,4,46
C002,P134,Gaming & Esports,4,5,30
C140,P117,Audio & Sound,3,5,26
C080,P132,Gaming & Esports,4,4,30
C115,P120,Audio & Sound,1,4,21
C121,P125,Fitness & Sports,3,4,16
C118,P138,Fashion & Lifestyle,1,2,14
C050,P124,Fitness & Sports,1,3,19
C130,P112,Photography & Cameras,3,5,38
C056,P139,Fashion & Lifestyle,4,4,45
C019,P114,Photography & Cameras,4,4,49
C112,P107,Mobile & Accessories,1,4,12
C124,P102,Laptops & Computers,3,4,28
C135,P112,Photography & Cameras,1,4,4
C078,P102,Laptops & Computers,1,4,27
C103,P106,Mobile & Accessories,2,5,41
C089,P126,Kitchen & Dining,3,5,27
C106,P110,Mobile & Accessories,4,4,38
C139,P106,Mobile & Accessories,1,4,20
C104,P101,Laptops & Computers,2,4,38
C059,P118,Audio & Sound,7,4,49
C076,P134,Gaming & Esports,2,3,9
C067,P123,Fitness & Sports,3,3,10
C007,P133,Gaming & Esports,8,5,53
C101,P106,Mobile & Accessories,1,3,4
C119,P118,Audio & Sound,1,3,25
C116,P137,Fashion & Lifestyle,4,4,41
C143,P113,Photography & Cameras,3,4,36
C024,P119,Audio & Sound,4,5,39
C006,P109,Mobile & Accessories,1,2,11
C129,P131,Gaming & Esports,3,5,39
C039,P116,Audio & Sound,7,3,50
C090,P115,Photography & Cameras,4,5,43
C067,P116,Audio & Sound,1,4,34
C011,P103,Laptops & Computers,4,5,45
C046,P110,Mobile & Accessories,5,5,53
C060,P139,Fashion & Lifestyle,3,5,35
C012,P129,Kitchen & Dining,4,4,41
C038,P120,Audio & Sound,2,5,20
C107,P137,Fashion & Lifestyle,1,3,4
C034,P120,Audio & Sound,4,3,36
C043,P106,Mobile & Accessories,1,1,11
C028,P110,Mobile & Accessories,1,4,15
C118,P101,Laptops & Computers,3,4,46
C081,P138,Fashion & Lifestyle,2,4,24
C075,P110,Mobile & Accessories,2,4,31
C014,P115,Photography & Cameras,3,5,15
C028,P103,Laptops & Computers,5,3,46
C085,P123,Fitness & Sports,1,4,13
C035,P117,Audio & Sound,4,5,48
C073,P103,Laptops & Computers,3,5,31
C138,P121,Fitness & Sports,6,5,38
C052,P129,Kitchen & Dining,2,3,35
C124,P113,Photography & Cameras,2,3,23
C054,P138,Fashion & Lifestyle,3,5,31
C137,P133,Gaming & Esports,1,3,7
C031,P125,Fitness & Sports,3,5,26
C110,P116,Audio & Sound,2,5,34
C126,P101,Laptops & Computers,6,4,57
C025,P109,Mobile & Accessories,2,2,9
C004,P124,Fitness & Sports,6,5,57
C150,P117,Audio & Sound,4,5,46
C063,P127,Kitchen & Dining,2,4,25
C108,P101,Laptops & Computers,1,4,6
C056,P126,Kitchen & Dining,2,4,28
C050,P135,Gaming & Esports,2,5,37
C037,P103,Laptops & Computers,2,5,19
C027,P132,Gaming & Esports,4,5,39
C143,P112,Photography & Cameras,3,5,33
C092,P130,Kitchen & Dining,5,5,37
C024,P113,Photography & Cameras,1,2,18
C131,P102,Laptops & Computers,3,4,31
C130,P140,Fashion & Lifestyle,2,2,16
C049,P103,Laptops & Computers,3,4,35
C017,P137,Fashion & Lifestyle,2,5,23
C064,P107,Mobile & Accessories,1,5,33
C145,P106,Mobile & Accessories,5,4,47
C129,P120,Audio & Sound,1,4,21
C076,P104,Laptops & Computers,2,2,13
C146,P116,Audio & Sound,2,4,32
C062,P138,Fashion & Lifestyle,1,5,29
C135,P116,Audio & Sound,2,5,21
C036,P127,Kitchen & Dining,2,4,35
C120,P111,Photography & Cameras,4,3,32
C048,P117,Audio & Sound,3,5,38
C020,P140,Fashion & Lifestyle,2,5,35
C072,P117,Audio & Sound,2,5,29
C036,P137,Fashion & Lifestyle,4,4,33
C098,P111,Photography & Cameras,4,3,38
C137,P120,Audio & Sound,2,4,37
C008,P124,Fitness & Sports,2,4,12
C073,P119,Audio & Sound,6,4,51
C108,P139,Fashion & Lifestyle,8,5,55
C094,P116,Audio & Sound,2,4,21
C084,P129,Kitchen & Dining,1,3,10
C029,P115,Photography & Cameras,2,4,26
C044,P139,Fashion & Lifestyle,2,4,22
C060,P108,Mobile & Accessories,1,4,34
C022,P113,Photography & Cameras,1,4,4
C131,P103,Laptops & Computers,5,5,44
C123,P110,Mobile & Accessories,6,4,50
C143,P102,Laptops & Computers,3,5,44
C064,P127,Kitchen & Dining,1,3,21
C108,P138,Fashion & Lifestyle,3,5,37
C125,P136,Fashion & Lifestyle,4,5,35
C109,P114,Photography & Cameras,1,4,9
C044,P117,Audio & Sound,3,5,44
C066,P115,Photography & Cameras,3,4,40
C103,P110,Mobile & Accessories,6,4,45
C057,P129,Kitchen & Dining,2,4,25
C030,P107,Mobile & Accessories,1,3,16
C096,P115,Photography & Cameras,2,4,36
C062,P137,Fashion & Lifestyle,3,5,26
C030,P103,Laptops & Computers,5,4,45
C108,P136,Fashion & Lifestyle,4,3,31
C067,P103,Laptops & Computers,5,3,43
C141,P118,Audio & Sound,2,4,26
C042,P117,Audio & Sound,2,5,25
C063,P105,Laptops & Computers,3,2,10
C122,P136,Fashion & Lifestyle,2,4,23
C028,P124,Fitness & Sports,4,4,23
C118,P133,Gaming & Esports,1,4,15
C087,P136,Fashion & Lifestyle,3,5,42
C137,P134,Gaming & Esports,1,2,19
C024,P118,Audio & Sound,7,5,61
C126,P111,Photography & Cameras,3,4,39
C126,P105,Laptops & Computers,2,4,19
C145,P118,Audio & Sound,2,4,43
C090,P116,Audio & Sound,4,4,42
C121,P126,Kitchen & Dining,2,5,30
C022,P132,Gaming & Esports,5,5,48
C040,P128,Kitchen & Dining,2,3,12
C043,P104,Laptops & Computers,2,5,34
C147,P123,Fitness & Sports,1,2,34
C008,P125,Fitness & Sports,1,4,11
C089,P132,Gaming & Esports,1,3,7
C145,P107,Mobile & Accessories,3,5,28
C050,P102,Laptops & Computers,3,4,32
C077,P132,Gaming & Esports,1,5,15
C120,P104,Laptops & Computers,6,5,43
C077,P128,Kitchen & Dining,5,5,46
C123,P106,Mobile & Accessories,5,5,35
C076,P127,Kitchen & Dining,4,4,54
C086,P108,Mobile & Accessories,2,3,36
C049,P121,Fitness & Sports,1,3,13
C054,P105,Laptops & Computers,2,2,18
C116,P123,Fitness & Sports,2,2,22
C085,P138,Fashion & Lifestyle,3,4,43
C113,P128,Kitchen & Dining,1,3,19
C024,P107,Mobile & Accessories,3,3,43
C066,P112,Photography & Cameras,5,4,49
C020,P118,Audio & Sound,4,5,20
C059,P108,Mobile & Accessories,1,3,17
C127,P128,Kitchen & Dining,2,4,31
C009,P134,Gaming & Esports,3,3,24
C141,P130,Kitchen & Dining,3,5,36
C095,P136,Fashion & Lifestyle,2,5,31
C117,P127,Kitchen & Dining,4,5,34
C012,P122,Fitness & Sports,1,3,16
C129,P102,Laptops & Computers,3,5,29
C086,P109,Mobile & Accessories,1,5,33
C128,P140,Fashion & Lifestyle,1,4,20
C042,P112,Photography & Cameras,4,5,33
C128,P130,Kitchen & Dining,6,4,52
C144,P136,Fashion & Lifestyle,2,4,37
C133,P134,Gaming & Esports,2,5,29
C032,P103,Laptops & Computers,7,4,57
C078,P103,Laptops & Computers,3,4,32
C043,P112,Photography & Cameras,2,2,20
C057,P105,Laptops & Computers,3,5,22
C048,P104,Laptops & Computers,1,3,29
C134,P102,Laptops & Computers,1,5,6
C041,P115,Photography & Cameras,1,5,12
C108,P127,Kitchen & Dining,2,5,38
C149,P103,Laptops & Computers,2,4,29
C105,P113,Photography & Cameras,1,4,11
C045,P134,Gaming & Esports,2,3,15
C150,P140,Fashion & Lifestyle,1,5,27
C088,P119,Audio & Sound,5,4,41
C054,P139,Fashion & Lifestyle,7,5,60
C078,P132,Gaming & Esports,4,5,43
C123,P140,Fashion & Lifestyle,4,5,33
C129,P138,Fashion & Lifestyle,1,5,12
C117,P128,Kitchen & Dining,8,3,66
C103,P120,Audio & Sound,5,5,47
C080,P131,Gaming & Esports,4,5,44
C110,P102,Laptops & Computers,1,4,21
C026,P129,Kitchen & Dining,4,5,44
C033,P125,Fitness & Sports,2,3,19
C112,P101,Laptops & Computers,2,5,43
C115,P108,Mobile & Accessories,2,4,32
C109,P118,Audio & Sound,3,4,38
C072,P103,Laptops & Computers,6,3,53
C058,P133,Gaming & Esports,1,5,25
C088,P117,Audio & Sound,3,4,36
C038,P135,Gaming & Esports,1,5,26
C096,P105,Laptops & Computers,4,5,53
C010,P130,Kitchen & Dining,1,2,10
C143,P111,Photography & Cameras,5,4,42
C027,P118,Audio & Sound,2,5,41
C029,P112,Photography & Cameras,1,4,25
C149,P105,Laptops & Computers,4,5,40
C037,P107,Mobile & Accessories,4,5,40
C046,P133,Gaming & Esports,1,5,24
C140,P138,Fashion & Lifestyle,2,5,42
C057,P137,Fashion & Lifestyle,1,3,4
C140,P119,Audio & Sound,4,4,27
C078,P135,Gaming & Esports,4,5,34
C023,P102,Laptops & Computers,1,1,12
C012,P131,Gaming & Esports,2,3,20
C062,P110,Mobile & Accessories,4,5,33
C063,P136,Fashion & Lifestyle,2,4,32
C018,P137,Fashion & Lifestyle,1,2,4
C110,P108,Mobile & Accessories,4,1,15
C134,P113,Photography & Cameras,1,4,12
C107,P112,Photography & Cameras,2,4,31
C119,P130,Kitchen & Dining,4,3,41
C003,P139,Fashion & Lifestyle,1,4,22
C103,P104,Laptops & Computers,1,3,6
C029,P121,Fitness & Sports,1,2,29
C091,P120,Audio & Sound,4,4,44
C101,P102,Laptops & Computers,2,5,30
C121,P128,Kitchen & Dining,4,5,42
C004,P122,Fitness & Sports,4,5,45
C120,P112,Photography & Cameras,5,4,42
C022,P104,Laptops & Computers,3,5,29
C083,P106,Mobile & Accessories,4,4,35
C138,P122,Fitness & Sports,2,4,31
C111,P117,Audio & Sound,3,5,51
C132,P106,Mobile & Accessories,3,5,40
C114,P103,Laptops & Computers,1,5,10
C099,P105,Laptops & Computers,2,4,25
C094,P120,Audio & Sound,8,5,63
C133,P118,Audio & Sound,3,4,35
C019,P104,Laptops & Computers,1,4,27
C042,P109,Mobile & Accessories,2,3,21
C099,P132,Gaming & Esports,6,4,46
C054,P129,Kitchen & Dining,5,5,46
C124,P131,Gaming & Esports,7,5,59
C042,P114,Photography & Cameras,5,5,37
C113,P139,Fashion & Lifestyle,3,4,52
C010,P117,Audio & Sound,5,3,42
C072,P131,Gaming & Esports,3,4,38
C006,P134,Gaming & Esports,2,5,27
C130,P101,Laptops & Computers,5,5,40
C016,P133,Gaming & Esports,3,4,37
C109,P106,Mobile & Accessories,4,5,42
C115,P133,Gaming & Esports,1,2,16
C045,P131,Gaming & Esports,2,4,20
C108,P128,Kitchen & Dining,2,5,37
C085,P139,Fashion & Lifestyle,8,4,54
C135,P127,Kitchen & Dining,3,5,29
C149,P115,Photography & Cameras,3,3,13
C115,P109,Mobile & Accessories,3,5,35
C018,P122,Fitness & Sports,1,3,20
C128,P107,Mobile & Accessories,2,2,17
C126,P117,Audio & Sound,5,5,38
C058,P107,Mobile & Accessories,4,4,28
C055,P107,Mobile & Accessories,1,3,30
C085,P113,Photography & Cameras,2,4,22
C037,P104,Laptops & Computers,1,4,20
C119,P136,Fashion & Lifestyle,2,5,38
C121,P112,Photography & Cameras,1,4,18
C036,P131,Gaming & Esports,3,2,29
C111,P124,Fitness & Sports,1,3,4
C050,P112,Photography & Cameras,1,2,17
C073,P120,Audio & Sound,2,5,32
C070,P137,Fashion & Lifestyle,5,5,45
C130,P134,Gaming & Esports,1,2,4
C063,P137,Fashion & Lifestyle,3,4,30
C061,P119,Audio & Sound,4,4,36
C108,P140,Fashion & Lifestyle,4,3,46
C025,P104,Laptops & Computers,2,5,18
C084,P108,Mobile & Accessories,1,4,4
C058,P102,Laptops & Computers,4,4,41
C066,P114,Photography & Cameras,3,5,36
C081,P119,Audio & Sound,1,4,21
C093,P124,Fitness & Sports,1,4,28
C084,P116,Audio & Sound,3,5,37
C045,P108,Mobile & Accessories,3,5,31
C142,P124,Fitness & Sports,3,3,26
C058,P110,Mobile & Accessories,4,4,14
C031,P107,Mobile & Accessories,4,4,37
C044,P130,Kitchen & Dining,1,5,24
C093,P129,Kitchen & Dining,1,4,23
C041,P116,Audio & Sound,1,5,35
C043,P101,Laptops & Computers,5,5,54
C038,P105,Laptops & Computers,1,4,28
C007,P130,Kitchen & Dining,1,2,9
C121,P132,Gaming & Esports,2,5,4
C125,P138,Fashion & Lifestyle,4,5,47
C061,P114,Photography & Cameras,3,4,21
C032,P118,Audio & Sound,2,5,33
C097,P129,Kitchen & Dining,1,3,13
C117,P123,Fitness & Sports,1,3,19
C012,P120,Audio & Sound,1,5,26
C087,P129,Kitchen & Dining,4,4,42
C074,P134,Gaming & Esports,2,3,15
C011,P119,Audio & Sound,5,4,42
C051,P139,Fashion & Lifestyle,2,5,28
C072,P134,Gaming & Esports,1,4,51
C138,P107,Mobile & Accessories,4,5,28
C027,P105,Laptops & Computers,3,3,23
C072,P122,Fitness & Sports,1,4,13
C030,P120,Audio & Sound,3,4,44
C086,P131,Gaming & Esports,1,5,12
C047,P108,Mobile & Accessories,3,5,41
C111,P110,Mobile & Accessories,2,4,37
C103,P119,Audio & Sound,3,5,26
C116,P129,Kitchen & Dining,3,4,30
C038,P104,Laptops & Computers,1,4,36
C029,P128,Kitchen & Dining,2,3,22
C149,P125,Fitness & Sports,2,3,16
C077,P122,Fitness & Sports,1,5,18
C013,P127,Kitchen & Dining,6,4,39
C033,P132,Gaming & Esports,3,5,29
C030,P119,Audio & Sound,2,4,42
C079,P120,Audio & Sound,2,5,35
C077,P123,Fitness & Sports,2,4,16
C101,P133,Gaming & Esports,3,5,43
C036,P133,Gaming & Esports,1,3,10
C126,P112,Photography & Cameras,3,5,35
C017,P138,Fashion & Lifestyle,5,4,49
C088,P115,Photography & Cameras,2,3,16
C114,P124,Fitness & Sports,4,5,20
C099,P116,Audio & Sound,6,5,61
C081,P109,Mobile & Accessories,1,1,4
C144,P109,Mobile & Accessories,4,5,29
C022,P105,Laptops & Computers,7,5,55
C117,P121,Fitness & Sports,3,3,15
C056,P130,Kitchen & Dining,2,4,37
C015,P119,Audio & Sound,2,5,23
C110,P104,Laptops & Computers,2,5,23
C103,P101,Laptops & Computers,1,4,7
C082,P122,Fitness & Sports,8,5,67
C130,P124,Fitness & Sports,1,2,12
C073,P115,Photography & Cameras,1,4,9
C071,P137,Fashion & Lifestyle,3,4,35
C066,P111,Photography & Cameras,3,5,31
C021,P127,Kitchen & Dining,1,3,15
C093,P122,Fitness & Sports,1,5,7
C123,P112,Photography & Cameras,1,1,9
C075,P108,Mobile & Accessories,5,5,42
C106,P132,Gaming & Esports,1,3,19
C074,P120,Audio & Sound,1,3,17
C002,P137,Fashion & Lifestyle,7,5,59
C015,P102,Laptops & Computers,2,5,34
C149,P104,Laptops & Computers,6,5,57
C029,P107,Mobile & Accessories,3,5,32
C030,P132,Gaming & Esports,1,4,26
C059,P120,Audio & Sound,8,4,59
C104,P117,Audio & Sound,2,3,33
C014,P119,Audio & Sound,5,4,44
C033,P119,Audio & Sound,5,5,38
C081,P110,Mobile & Accessories,1,5,7
C053,P118,Audio & Sound,1,4,30
C060,P118,Audio & Sound,4,5,42
C068,P129,Kitchen & Dining,6,5,37
C149,P133,Gaming & Esports,3,5,38
C071,P138,Fashion & Lifestyle,3,5,44
C139,P110,Mobile & Accessories,5,4,31
C016,P134,Gaming & Esports,5,4,53
C063,P122,Fitness & Sports,2,3,19
C100,P127,Kitchen & Dining,2,5,8
C109,P109,Mobile & Accessories,1,4,27
C020,P119,Audio & Sound,1,3,21
C125,P118,Audio & Sound,3,5,45
C136,P106,Mobile & Accessories,5,5,36
C042,P105,Laptops & Computers,4,3,48
C011,P120,Audio & Sound,2,4,28
C063,P130,Kitchen & Dining,3,5,22
C016,P131,Gaming & Esports,3,5,30
C043,P102,Laptops & Computers,3,4,49
C138,P114,Photography & Cameras,1,4,16
C049,P115,Photography & Cameras,4,5,46
C132,P107,Mobile & Accessories,4,5,40
C069,P134,Gaming & Esports,1,5,34
C099,P119,Audio & Sound,3,4,36
C046,P119,Audio & Sound,3,4,34
C018,P113,Photography & Cameras,3,4,44
C040,P112,Photography & Cameras,4,5,38
C130,P102,Laptops & Computers,2,4,33
C088,P110,Mobile & Accessories,3,5,39
C125,P137,Fashion & Lifestyle,4,4,38
C138,P139,Fashion & Lifestyle,2,1,19
C107,P114,Photography & Cameras,3,4,45
C068,P127,Kitchen & Dining,4,5,29
C124,P133,Gaming & Esports,2,4,19
C113,P117,Audio & Sound,1,4,25
C089,P130,Kitchen & Dining,1,3,38
C108,P130,Kitchen & Dining,2,3,29
C030,P131,Gaming & Esports,1,5,18
C083,P131,Gaming & Esports,1,3,16
C091,P102,Laptops & Computers,5,4,46
C010,P116,Audio & Sound,5,4,43
C006,P118,Audio & Sound,3,3,35
C130,P133,Gaming & Esports,4,3,25
C065,P106,Mobile & Accessories,4,5,43
C071,P127,Kitchen & Dining,3,4,45
C140,P123,Fitness & Sports,4,4,18
C141,P124,Fitness & Sports,1,1,14
C142,P122,Fitness & Sports,1,5,6
C030,P105,Laptops & Computers,3,5,43
C142,P105,Laptops & Computers,1,4,25
C064,P117,Audio & Sound,3,5,34
C036,P120,Audio & Sound,1,4,11
C061,P108,Mobile & Accessories,3,5,40
C142,P121,Fitness & Sports,3,4,19
C115,P102,Laptops & Computers,4,2,19
C086,P104,Laptops & Computers,1,5,6
C069,P105,Laptops & Computers,2,4,40
C047,P138,Fashion & Lifestyle,7,4,70
C038,P132,Gaming & Esports,6,4,44
C034,P127,Kitchen & Dining,1,5,28
C129,P105,Laptops & Computers,3,5,41
C133,P138,Fashion & Lifestyle,1,3,8
C118,P104,Laptops & Computers,1,4,40
C147,P124,Fitness & Sports,7,5,63
C140,P101,Laptops & Computers,1,2,12
C061,P123,Fitness & Sports,2,3,17
C034,P138,Fashion & Lifestyle,3,5,40
C033,P103,Laptops & Computers,4,4,43
C116,P124,Fitness & Sports,2,4,10
C100,P124,Fitness & Sports,1,5,15
C002,P117,Audio & Sound,3,5,28
C018,P103,Laptops & Computers,3,5,42
C027,P102,Laptops & Computers,1,4,23
C086,P118,Audio & Sound,2,4,48
C090,P134,Gaming & Esports,1,5,15
C145,P108,Mobile & Accessories,2,3,26
C014,P105,Laptops & Computers,3,3,34
C056,P138,Fashion & Lifestyle,1,3,24
C135,P139,Fashion & Lifestyle,5,5,46
C088,P134,Gaming & Esports,1,3,6
C082,P106,Mobile & Accessories,5,4,38
C057,P103,Laptops & Computers,2,4,37
C015,P115,Photography & Cameras,1,2,5
C132,P115,Photography & Cameras,3,5,23
C121,P122,Fitness & Sports,1,5,6
C023,P118,Audio & Sound,2,5,33
C063,P138,Fashion & Lifestyle,3,5,30
C042,P111,Photography & Cameras,3,4,43
C033,P105,Laptops & Computers,3,4,31
C030,P133,Gaming & Esports,1,5,29
C093,P123,Fitness & Sports,1,4,17
C144,P104,Laptops & Computers,1,2,4
C072,P111,Photography & Cameras,1,1,10
C140,P118,Audio & Sound,4,5,44
C100,P116,Audio & Sound,4,5,33
C120,P131,Gaming & Esports,2,2,31
C058,P104,Laptops & Computers,3,5,54
C051,P140,Fashion & Lifestyle,5,4,38
C062,P133,Gaming & Esports,1,3,7
C080,P104,Laptops & Computers,3,4,35
C001,P110,Mobile & Accessories,7,5,55
C098,P113,Photography & Cameras,8,4,61
C048,P120,Audio & Sound,3,4,36
C033,P104,Laptops & Computers,4,5,38
C001,P118,Audio & Sound,5,5,40
C023,P106,Mobile & Accessories,2,4,26
C056,P135,Gaming & Esports,1,4,4
C079,P106,Mobile & Accessories,2,3,24
C005,P134,Gaming & Esports,1,5,22
C055,P123,Fitness & Sports,3,5,43
C024,P123,Fitness & Sports,1,4,8
C014,P116,Audio & Sound,2,5,15
C120,P129,Kitchen & Dining,1,3,12
C065,P131,Gaming & Esports,3,2,21
C122,P129,Kitchen & Dining,2,4,34
C072,P121,Fitness & Sports,1,4,20
C109,P117,Audio & Sound,2,4,21
C079,P116,Audio & Sound,3,4,27
C138,P106,Mobile & Accessories,3,5,43
C059,P104,Laptops & Computers,2,4,33
C148,P108,Mobile & Accessories,2,1,18
C147,P106,Mobile & Accessories,1,3,29
C140,P130,Kitchen & Dining,3,5,33
C038,P134,Gaming & Esports,2,5,30
C032,P116,Audio & Sound,5,4,35
C045,P102,Laptops & Computers,3,2,21
C033,P101,Laptops & Computers,2,4,18
C103,P115,Photography & Cameras,4,3,19
C083,P114,Photography & Cameras,4,3,22
C115,P131,Gaming & Esports,1,4,10
C043,P117,Audio & Sound,2,5,35
C056,P140,Fashion & Lifestyle,5,5,52
C061,P122,Fitness & Sports,2,5,13
C094,P107,Mobile & Accessories,1,2,21
C119,P117,Audio & Sound,7,3,55
C081,P134,Gaming & Esports,1,1,5
C134,P104,Laptops & Computers,1,2,12
C092,P139,Fashion & Lifestyle,2,4,37
C023,P138,Fashion & Lifestyle,1,5,22
C127,P126,Kitchen & Dining,3,5,37
C085,P105,Laptops & Computers,1,3,13
C102,P137,Fashion & Lifestyle,1,3,4
C073,P123,Fitness & Sports,1,3,14
C008,P121,Fitness & Sports,2,3,13
C040,P113,Photography & Cameras,2,4,32
C059,P123,Fitness & Sports,2,2,20
C003,P105,Laptops & Computers,1,2,7
C022,P102,Laptops & Computers,4,4,33
C117,P140,Fashion & Lifestyle,1,4,32
C082,P109,Mobile & Accessories,4,4,44
C055,P125,Fitness & Sports,2,3,37
C096,P107,Mobile & Accessories,2,3,12
C112,P108,Mobile & Accessories,1,2,5
C010,P122,Fitness & Sports,2,5,33
C136,P107,Mobile & Accessories,3,5,42
C028,P104,Laptops & Computers,7,4,47
C097,P109,Mobile & Accessories,1,5,8
C075,P109,Mobile & Accessories,3,4,32
C136,P108,Mobile & Accessories,4,5,28
C064,P109,Mobile & Accessories,3,5,38
C136,P115,Photography & Cameras,4,3,21
C140,P132,Gaming & Esports,3,3,19
C051,P135,Gaming & Esports,2,4,21
C028,P114,Photography & Cameras,3,4,45
C077,P121,Fitness & Sports,1,3,14
C037,P109,Mobile & Accessories,2,4,32
C064,P110,Mobile & Accessories,3,5,30
C001,P116,Audio & Sound,2,5,21
C001,P125,Fitness & Sports,1,3,17
C032,P136,Fashion & Lifestyle,1,3,18
C102,P103,Laptops & Computers,1,4,10
C067,P102,Laptops & Computers,1,4,18
C099,P138,Fashion & Lifestyle,2,4,10
C148,P132,Gaming & Esports,1,5,7
C022,P134,Gaming & Esports,4,4,26
C142,P110,Mobile & Accessories,2,4,16
C004,P107,Mobile & Accessories,2,3,33
C111,P127,Kitchen & Dining,2,5,21
C091,P107,Mobile & Accessories,1,3,15
C072,P114,Photography & Cameras,1,5,16
C065,P107,Mobile & Accessories,2,4,33
C113,P106,Mobile & Accessories,2,2,17
C070,P109,Mobile & Accessories,1,5,8
C104,P121,Fitness & Sports,1,2,11
C064,P139,Fashion & Lifestyle,1,4,21
C113,P103,Laptops & Computers,1,5,10
C026,P137,Fashion & Lifestyle,3,5,35
C004,P121,Fitness & Sports,3,5,46
C034,P136,Fashion & Lifestyle,2,4,39
C058,P101,Laptops & Computers,1,5,27
C006,P133,Gaming & Esports,8,4,60
C012,P109,Mobile & Accessories,2,5,15
C036,P128,Kitchen & Dining,2,5,26
C007,P132,Gaming & Esports,2,4,33
C116,P136,Fashion & Lifestyle,2,4,32
C022,P135,Gaming & Esports,3,4,46
C013,P129,Kitchen & Dining,5,4,51
C091,P105,Laptops & Computers,6,4,50
C114,P132,Gaming & Esports,4,2,27
C008,P138,Fashion & Lifestyle,7,4,51
C115,P123,Fitness & Sports,4,3,33
C077,P131,Gaming & Esports,2,3,15
C006,P123,Fitness & Sports,2,2,18
C127,P110,Mobile & Accessories,3,3,27
C053,P117,Audio & Sound,4,4,47
C091,P129,Kitchen & Dining,2,4,15
C116,P140,Fashion & Lifestyle,3,5,40
C110,P135,Gaming & Esports,3,5,22
C083,P109,Mobile & Accessories,4,4,34
C054,P121,Fitness & Sports,1,5,20
C115,P125,Fitness & Sports,4,5,48
C062,P136,Fashion & Lifestyle,3,4,39
C048,P122,Fitness & Sports,2,3,26
C112,P132,Gaming & Esports,4,5,48
C129,P104,Laptops & Computers,5,4,46
C082,P121,Fitness & Sports,8,5,44
C100,P121,Fitness & Sports,2,4,19
C008,P120,Audio & Sound,5,4,38
C095,P128,Kitchen & Dining,3,5,34
C010,P109,Mobile & Accessories,2,5,18
C067,P132,Gaming & Esports,4,5,35
C075,P123,Fitness & Sports,2,4,34
C020,P138,Fashion & Lifestyle,2,4,37
C029,P122,Fitness & Sports,3,5,29
C071,P140,Fashion & Lifestyle,4,4,53
C037,P119,Audio & Sound,3,3,32
C053,P103,Laptops & Computers,1,3,13
C121,P129,Kitchen & Dining,4,4,31
C081,P106,Mobile & Accessories,1,1,19
C019,P118,Audio & Sound,2,4,28
C105,P130,Kitchen & Dining,2,4,36
C012,P136,Fashion & Lifestyle,5,5,50
C006,P120,Audio & Sound,3,4,42
C076,P136,Fashion & Lifestyle,6,4,47
C097,P114,Photography & Cameras,3,5,34
C021,P107,Mobile & Accessories,4,3,36
C104,P103,Laptops & Computers,2,4,31
C007,P108,Mobile & Accessories,4,1,14
C055,P137,Fashion & Lifestyle,4,2,29
C008,P113,Photography & Cameras,1,4,14
C100,P132,Gaming & Esports,2,5,34
C089,P127,Kitchen & Dining,3,5,37
C079,P138,Fashion & Lifestyle,3,5,25
C019,P102,Laptops & Computers,3,5,44
C014,P104,Laptops & Computers,2,5,31
C102,P122,Fitness & Sports,2,4,36
C009,P121,Fitness & Sports,1,4,20
C123,P102,Laptops & Computers,2,3,23
C012,P138,Fashion & Lifestyle,1,4,27
C117,P137,Fashion & Lifestyle,2,5,38
C055,P118,Audio & Sound,8,4,56
C078,P107,Mobile & Accessories,1,3,10
C049,P116,Audio & Sound,5,4,40
C017,P118,Audio & Sound,2,3,33
C025,P138,Fashion & Lifestyle,4,2,16
C031,P124,Fitness & Sports,5,5,52
C046,P106,Mobile & Accessories,4,5,40
C079,P109,Mobile & Accessories,2,5,27
C034,P118,Audio & Sound,4,4,32
C011,P118,Audio & Sound,5,3,40
C085,P117,Audio & Sound,3,5,39
C075,P106,Mobile & Accessories,1,3,30
C092,P108,Mobile & Accessories,1,4,14
C087,P128,Kitchen & Dining,3,5,23
C100,P133,Gaming & Esports,2,5,29
C011,P102,Laptops & Computers,3,5,26
C044,P140,Fashion & Lifestyle,1,5,25
C008,P123,Fitness & Sports,2,5,18
C135,P119,Audio & Sound,3,4,35
C092,P128,Kitchen & Dining,3,5,38
C137,P111,Photography & Cameras,3,4,29
C031,P122,Fitness & Sports,3,4,31
C149,P136,Fashion & Lifestyle,2,3,4
C127,P137,Fashion & Lifestyle,2,5,27
C124,P132,Gaming & Esports,2,5,23
C077,P130,Kitchen & Dining,7,5,53
C074,P107,Mobile & Accessories,3,3,29
C039,P108,Mobile & Accessories,2,4,41
C024,P121,Fitness & Sports,2,2,8
C126,P115,Photography & Cameras,2,5,24
C027,P103,Laptops & Computers,3,4,47
C031,P123,Fitness & Sports,2,5,31
C099,P104,Laptops & Computers,1,5,49
C012,P134,Gaming & Esports,1,3,4
C132,P104,Laptops & Computers,2,3,27
C068,P139,Fashion & Lifestyle,1,3,22
C025,P132,Gaming & Esports,1,3,10
C120,P115,Photography & Cameras,4,4,39
C110,P118,Audio & Sound,2,4,24
C008,P137,Fashion & Lifestyle,2,5,30
C010,P124,Fitness & Sports,4,5,53
C123,P107,Mobile & Accessories,1,4,14
C005,P120,Audio & Sound,3,5,39
C080,P101,Laptops & Computers,2,3,24
C150,P105,Laptops & Computers,3,2,32
C046,P131,Gaming & Esports,2,3,16
C046,P121,Fitness & Sports,3,5,39
C078,P114,Photography & Cameras,2,5,16
C072,P123,Fitness & Sports,1,5,13
C113,P110,Mobile & Accessories,4,3,29
C115,P103,Laptops & Computers,1,4,8
C133,P102,Laptops & Computers,5,5,41
C105,P137,Fashion & Lifestyle,2,4,28
C009,P120,Audio & Sound,3,4,26
C010,P104,Laptops & Computers,1,5,12
C127,P103,Laptops & Computers,2,3,26
C009,P133,Gaming & Esports,2,1,14
C047,P106,Mobile & Accessories,2,3,32
C097,P115,Photography & Cameras,2,5,25
C069,P138,Fashion & Lifestyle,1,3,7
C144,P107,Mobile & Accessories,3,4,42
C132,P110,Mobile & Accessories,2,4,28
C045,P110,Mobile & Accessories,1,4,22
C078,P106,Mobile & Accessories,1,5,11
C065,P104,Laptops & Computers,1,3,5
C090,P101,Laptops & Computers,3,5,29
C111,P116,Audio & Sound,1,5,27
C121,P118,Audio & Sound,2,3,14
C114,P125,Fitness & Sports,2,3,8
C041,P134,Gaming & Esports,2,4,33
C132,P108,Mobile & Accessories,3,4,32
C099,P102,Laptops & Computers,4,5,31
C121,P127,Kitchen & Dining,1,2,9
C011,P131,Gaming & Esports,3,4,26
C062,P127,Kitchen & Dining,1,5,20
C124,P114,Photography & Cameras,1,4,8
C070,P120,Audio & Sound,3,5,40
C100,P104,Laptops & Computers,3,5,24
C082,P107,Mobile & Accessories,2,5,44
C099,P101,Laptops & Computers,1,2,40
C008,P136,Fashion & Lifestyle,8,4,67
C029,P124,Fitness & Sports,2,5,27
C078,P108,Mobile & Accessories,1,3,13
C104,P104,Laptops & Computers,3,4,38
C024,P112,Photography & Cameras,1,4,18
C023,P112,Photography & Cameras,1,2,12
C015,P116,Audio & Sound,2,3,34
C140,P105,Laptops & Computers,2,5,19
C038,P117,Audio & Sound,4,5,34
C124,P101,Laptops & Computers,2,5,34
C012,P133,Gaming & Esports,1,4,19
C114,P133,Gaming & Esports,1,2,9
C025,P133,Gaming & Esports,1,3,10
C144,P131,Gaming & Esports,1,4,7
C122,P138,Fashion & Lifestyle,3,4,33
C094,P133,Gaming & Esports,4,3,21
C002,P131,Gaming & Esports,1,3,13
C046,P107,Mobile & Accessories,2,3,34
C093,P137,Fashion & Lifestyle,3,4,35
C072,P102,Laptops & Computers,1,4,24
C026,P128,Kitchen & Dining,1,4,21
C060,P109,Mobile & Accessories,3,5,34
C040,P103,Laptops & Computers,1,3,25
C101,P120,Audio & Sound,3,5,29
C121,P120,Audio & Sound,2,2,31
C056,P137,Fashion & Lifestyle,2,4,32
C130,P131,Gaming & Esports,2,4,13
C088,P107,Mobile & Accessories,2,3,25
C047,P109,Mobile & Accessories,2,4,35
C073,P122,Fitness & Sports,1,3,8
C139,P119,Audio & Sound,3,5,44
C015,P134,Gaming & Esports,4,5,37
C051,P127,Kitchen & Dining,3,5,35
C112,P119,Audio & Sound,7,4,54
C075,P124,Fitness & Sports,2,5,30
C139,P107,Mobile & Accessories,4,5,34
C086,P123,Fitness & Sports,1,4,16
C074,P130,Kitchen & Dining,4,5,41
C055,P126,Kitchen & Dining,1,4,16
C018,P112,Photography & Cameras,1,4,25
C145,P117,Audio & Sound,4,4,35
C071,P132,Gaming & Esports,1,3,16
C115,P124,Fitness & Sports,5,5,35
C107,P101,Laptops & Computers,3,4,34
C092,P126,Kitchen & Dining,3,5,37
C095,P140,Fashion & Lifestyle,6,5,52
C150,P106,Mobile & Accessories,2,5,51
C001,P133,Gaming & Esports,3,5,32
C090,P129,Kitchen & Dining,1,3,15
C068,P138,Fashion & Lifestyle,6,3,52
C136,P116,Audio & Sound,2,4,25
C037,P108,Mobile & Accessories,1,3,33
C078,P104,Laptops & Computers,6,5,46
C074,P105,Laptops & Computers,1,2,13
C034,P139,Fashion & Lifestyle,3,3,38
C133,P101,Laptops & Computers,3,3,42
C116,P133,Gaming & Esports,2,3,13
C113,P109,Mobile & Accessories,1,5,7
C026,P111,Photography & Cameras,2,5,31
C094,P124,Fitness & Sports,8,4,55
C119,P139,Fashion & Lifestyle,1,5,30
C038,P118,Audio & Sound,4,4,43
C112,P131,Gaming & Esports,4,4,37
C105,P136,Fashion & Lifestyle,8,4,70
C015,P131,Gaming & Esports,2,3,37
C054,P137,Fashion & Lifestyle,3,4,39
C115,P122,Fitness & Sports,3,4,42
C024,P105,Laptops & Computers,1,3,4
C132,P125,Fitness & Sports,2,4,18
C143,P118,Audio & Sound,4,4,35
C045,P118,Audio & Sound,3,5,37
C054,P119,Audio & Sound,3,4,36
C150,P110,Mobile & Accessories,6,4,60
C023,P120,Audio & Sound,2,5,33
C118,P103,Laptops & Computers,3,5,36
C023,P104,Laptops & Computers,1,5,23
C129,P134,Gaming & Esports,2,4,40
C131,P112,Photography & Cameras,6,5,49
C022,P111,Photography & Cameras,3,3,24
C087,P138,Fashion & Lifestyle,6,5,48
C009,P117,Audio & Sound,1,3,27
C015,P105,Laptops & Computers,2,3,35
C081,P107,Mobile & Accessories,1,3,7
C144,P127,Kitchen & Dining,1,2,17
C096,P137,Fashion & Lifestyle,2,5,28
C068,P128,Kitchen & Dining,3,3,42
C117,P103,Laptops & Computers,1,2,14
C056,P136,Fashion & Lifestyle,4,3,40
C122,P135,Gaming & Esports,1,4,9
C014,P126,Kitchen & Dining,3,3,11
C124,P128,Kitchen & Dining,1,3,20
C093,P140,Fashion & Lifestyle,5,5,58
C128,P118,Audio & Sound,3,4,41
C082,P119,Audio & Sound,3,5,30
C042,P123,Fitness & Sports,1,5,11
C038,P131,Gaming & Esports,5,5,43
C052,P127,Kitchen & Dining,3,5,30
C120,P102,Laptops & Computers,7,5,68
C051,P106,Mobile & Accessories,2,2,7
C134,P112,Photography & Cameras,1,4,17
C036,P136,Fashion & Lifestyle,3,3,40
C039,P124,Fitness & Sports,3,4,39
C001,P119,Audio & Sound,5,4,52
C102,P102,Laptops & Computers,1,1,15
C037,P101,Laptops & Computers,1,4,6
C088,P123,Fitness & Sports,2,4,30
C082,P110,Mobile & Accessories,7,5,54
C142,P116,Audio & Sound,1,5,33
C049,P113,Photography & Cameras,2,5,27
C129,P103,Laptops & Computers,3,5,40
C007,P127,Kitchen & Dining,3,5,30
C065,P101,Laptops & Computers,1,5,4
C132,P122,Fitness & Sports,1,3,10
C107,P118,Audio & Sound,2,4,25
C101,P104,Laptops & Computers,5,4,44
C018,P111,Photography & Cameras,6,3,58
C046,P108,Mobile & Accessories,2,4,34
C013,P116,Audio & Sound,1,2,23
C005,P137,Fashion & Lifestyle,1,2,4
C054,P126,Kitchen & Dining,3,5,20
C085,P116,Audio & Sound,2,5,34
C072,P133,Gaming & Esports,2,3,43
C010,P121,Fitness & Sports,2,3,39
C145,P119,Audio & Sound,2,5,32
C019,P112,Photography & Cameras,4,5,47
C087,P127,Kitchen & Dining,2,5,34
C103,P108,Mobile & Accessories,2,4,40
C079,P110,Mobile & Accessories,5,4,51
C042,P104,Laptops & Computers,2,5,38
C026,P124,Fitness & Sports,3,3,28
C008,P115,Photography & Cameras,1,3,10
C080,P133,Gaming & Esports,1,3,30
C014,P134,Gaming & Esports,2,3,38
C031,P140,Fashion & Lifestyle,1,3,6
C135,P120,Audio & Sound,1,4,25
C033,P108,Mobile & Accessories,1,4,16
C147,P120,Audio & Sound,2,4,35
C113,P129,Kitchen & Dining,2,4,43
C051,P138,Fashion & Lifestyle,3,4,40
C035,P123,Fitness & Sports,3,3,23
C083,P108,Mobile & Accessories,6,5,43
C037,P105,Laptops & Computers,1,4,9
C050,P121,Fitness & Sports,2,2,17
C140,P131,Gaming & Esports,2,1,25
C035,P119,Audio & Sound,6,4,47
C043,P132,Gaming & Esports,3,4,35
C017,P136,Fashion & Lifestyle,3,5,39
C004,P109,Mobile & Accessories,1,4,31
C053,P136,Fashion & Lifestyle,2,5,31
C020,P108,Mobile & Accessories,1,4,34
C102,P121,Fitness & Sports,6,4,54
C137,P104,Laptops & Computers,5,5,49
C094,P121,Fitness & Sports,3,4,44
C137,P103,Laptops & Computers,6,4,48
C017,P131,Gaming & Esports,1,3,23
C017,P108,Mobile & Accessories,3,4,37
C066,P121,Fitness & Sports,1,2,18
C018,P121,Fitness & Sports,2,1,23
C053,P139,Fashion & Lifestyle,7,5,54
C125,P107,Mobile & Accessories,2,4,35
C120,P114,Photography & Cameras,4,5,44
C090,P105,Laptops & Computers,4,4,40
C050,P105,Laptops & Computers,3,5,39
C095,P137,Fashion & Lifestyle,3,3,35
C008,P122,Fitness & Sports,2,4,32
C133,P129,Kitchen & Dining,1,5,12
C060,P113,Photography & Cameras,2,3,12
C076,P130,Kitchen & Dining,1,5,23
C067,P133,Gaming & Esports,7,5,53
C084,P106,Mobile & Accessories,1,2,11
C024,P110,Mobile & Accessories,3,4,34
C074,P137,Fashion & Lifestyle,6,5,51
C022,P103,Laptops & Computers,2,3,41
C017,P102,Laptops & Computers,1,4,6
C014,P135,Gaming & Esports,2,5,25
C125,P109,Mobile & Accessories,4,5,38
C149,P132,Gaming & Esports,4,4,45
C093,P139,Fashion & Lifestyle,5,4,40
C012,P140,Fashion & Lifestyle,6,5,54
C058,P103,Laptops & Computers,3,5,35
C088,P124,Fitness & Sports,2,4,25
C094,P122,Fitness & Sports,2,4,29
C104,P114,Photography & Cameras,3,5,29
C087,P137,Fashion & Lifestyle,4,4,34
C127,P138,Fashion & Lifestyle,4,4,47
C084,P109,Mobile & Accessories,3,2,13
C074,P103,Laptops & Computers,1,4,11
C073,P121,Fitness & Sports,1,4,14
C047,P140,Fashion & Lifestyle,1,4,25
C027,P123,Fitness & Sports,1,4,20
C009,P122,Fitness & Sports,1,5,32
C046,P122,Fitness & Sports,5,4,37
C040,P114,Photography & Cameras,1,4,14
C018,P116,Audio & Sound,1,5,35
C104,P129,Kitchen & Dining,2,5,25
C132,P138,Fashion & Lifestyle,1,5,31
C147,P116,Audio & Sound,5,5,45
C106,P117,Audio & Sound,4,5,48
C061,P118,Audio & Sound,5,5,46
C008,P116,Audio & Sound,4,4,42
C086,P140,Fashion & Lifestyle,4,5,51
C148,P129,Kitchen & Dining,1,4,4
C141,P117,Audio & Sound,2,5,37
C029,P123,Fitness & Sports,3,4,36
C005,P135,Gaming & Esports,2,4,38
C067,P130,Kitchen & Dining,1,2,6
C137,P113,Photography & Cameras,1,4,28
C111,P126,Kitchen & Dining,1,4,8
C098,P116,Audio & Sound,3,3,44
C075,P122,Fitness & Sports,4,5,31
C020,P107,Mobile & Accessories,1,5,26
C091,P103,Laptops & Computers,3,5,31
C047,P107,Mobile & Accessories,8,5,53
C069,P115,Photography & Cameras,3,4,25
C077,P138,Fashion & Lifestyle,2,3,21
C137,P115,Photography & Cameras,2,5,24
C074,P106,Mobile & Accessories,1,4,4
C042,P103,Laptops & Computers,2,5,28
C082,P124,Fitness & Sports,4,5,43
C063,P126,Kitchen & Dining,3,5,40
C012,P114,Photography & Cameras,2,3,18
C043,P103,Laptops & Computers,8,5,64
C143,P132,Gaming & Esports,1,4,4
C097,P137,Fashion & Lifestyle,1,3,22
C062,P119,Audio & Sound,1,5,23
C144,P137,Fashion & Lifestyle,1,5,22
C010,P106,Mobile & Accessories,1,5,32
C084,P101,Laptops & Computers,2,4,33
C116,P121,Fitness & Sports,1,5,11
C144,P138,Fashion & Lifestyle,2,5,23
C076,P137,Fashion & Lifestyle,2,4,43
C051,P120,Audio & Sound,2,4,32
C002,P136,Fashion & Lifestyle,4,5,39
C040,P119,Audio & Sound,2,4,39
C029,P137,Fashion & Lifestyle,1,3,16
C106,P131,Gaming & Esports,2,4,17
C070,P116,Audio & Sound,4,4,43
C146,P112,Photography & Cameras,1,5,4
C141,P140,Fashion & Lifestyle,1,4,13
C070,P139,Fashion & Lifestyle,4,4,52
C084,P105,Laptops & Computers,4,4,34
C016,P103,Laptops & Computers,1,4,28
C089,P116,Audio & Sound,5,5,41
C120,P103,Laptops & Computers,4,5,31
C026,P119,Audio & Sound,2,5,18
C034,P104,Laptops & Computers,2,4,11
C141,P138,Fashion & Lifestyle,2,5,29
C103,P107,Mobile & Accessories,6,4,46
C052,P110,Mobile & Accessories,1,1,21
C101,P131,Gaming & Esports,2,5,38
C078,P101,Laptops & Computers,5,4,44
C133,P105,Laptops & Computers,3,4,34
C077,P139,Fashion & Lifestyle,2,3,36
C112,P103,Laptops & Computers,4,5,45
C053,P128,Kitchen & Dining,4,5,39
C003,P111,Photography & Cameras,1,3,18
C037,P127,Kitchen & Dining,1,4,12
C128,P127,Kitchen & Dining,4,4,41
C035,P136,Fashion & Lifestyle,2,5,33
C044,P104,Laptops & Computers,1,3,8
C048,P112,Photography & Cameras,1,2,35
C022,P112,Photography & Cameras,1,3,21
C090,P103,Laptops & Computers,4,5,42
C138,P110,Mobile & Accessories,4,3,32
C101,P105,Laptops & Computers,5,4,40
C146,P135,Gaming & Esports,4,5,49
C010,P110,Mobile & Accessories,3,5,34
C101,P101,Laptops & Computers,3,5,25
C106,P134,Gaming & Esports,2,4,18
C108,P103,Laptops & Computers,1,3,13
C071,P139,Fashion & Lifestyle,6,5,48
C135,P137,Fashion & Lifestyle,4,5,32
C100,P107,Mobile & Accessories,1,5,21
C016,P132,Gaming & Esports,3,4,30
C109,P116,Audio & Sound,4,5,45
C131,P114,Photography & Cameras,3,5,26
C150,P109,Mobile & Accessories,1,5,25
C079,P104,Laptops & Computers,4,2,31
C059,P132,Gaming & Esports,3,4,34
C072,P104,Laptops & Computers,3,5,31
C145,P116,Audio & Sound,4,5,38
C050,P104,Laptops & Computers,1,5,27
C057,P101,Laptops & Computers,2,5,35
C111,P107,Mobile & Accessories,3,5,38
C080,P140,Fashion & Lifestyle,2,3,18
C052,P108,Mobile & Accessories,1,2,16
C065,P116,Audio & Sound,8,4,61
C113,P118,Audio & Sound,1,2,23
C135,P136,Fashion & Lifestyle,2,4,38
C079,P107,Mobile & Accessories,8,5,64
C012,P132,Gaming & Esports,1,2,16
C075,P104,Laptops & Computers,1,3,15
C107,P103,Laptops & Computers,3,5,38
C083,P117,Audio & Sound,3,5,28
C013,P136,Fashion & Lifestyle,3,5,31
C066,P124,Fitness & Sports,1,4,18
C143,P115,Photography & Cameras,4,4,32
C065,P110,Mobile & Accessories,4,5,37
C038,P102,Laptops & Computers,3,4,38
C027,P134,Gaming & Esports,3,5,36
C066,P122,Fitness & Sports,1,3,17
C093,P121,Fitness & Sports,1,5,14
C082,P123,Fitness & Sports,2,4,34
C086,P102,Laptops & Computers,1,3,4
C006,P131,Gaming & Esports,5,3,42
C130,P103,Laptops & Computers,2,5,24
C099,P103,Laptops & Computers,3,4,33
C087,P122,Fitness & Sports,4,4,29
C078,P131,Gaming & Esports,2,5,27
C150,P108,Mobile & Accessories,6,5,42
C001,P117,Audio & Sound,5,5,41
C100,P122,Fitness & Sports,1,3,7
C132,P136,Fashion & Lifestyle,3,4,44
C027,P119,Audio & Sound,2,5,29
C120,P113,Photography & Cameras,2,5,34
C143,P103,Laptops & Computers,4,5,35
C046,P124,Fitness & Sports,1,4,23
C100,P134,Gaming & Esports,2,5,31
C107,P113,Photography & Cameras,1,2,33
C083,P127,Kitchen & Dining,1,2,11
C135,P126,Kitchen & Dining,2,3,30
C031,P121,Fitness & Sports,6,5,51
C119,P137,Fashion & Lifestyle,3,4,37
C032,P135,Gaming & Esports,5,4,39
C015,P132,Gaming & Esports,1,3,25
C113,P108,Mobile & Accessories,1,2,13
C058,P106,Mobile & Accessories,1,2,11
C007,P104,Laptops & Computers,3,5,31
C118,P105,Laptops & Computers,3,5,41
C074,P136,Fashion & Lifestyle,2,4,39
C083,P119,Audio & Sound,2,5,39
C111,P108,Mobile & Accessories,4,5,43
C115,P106,Mobile & Accessories,2,5,34
C048,P113,Photography & Cameras,2,4,35
C097,P134,Gaming & Esports,1,5,4
C066,P127,Kitchen & Dining,2,4,19
C041,P109,Mobile & Accessories,1,4,7
C052,P106,Mobile & Accessories,4,2,30
C033,P131,Gaming & Esports,7,4,51
C003,P130,Kitchen & Dining,4,4,38
C069,P104,Laptops & Computers,5,4,37
C005,P117,Audio & Sound,5,5,42
C089,P138,Fashion & Lifestyle,2,4,23
C082,P108,Mobile & Accessories,2,4,25
C136,P130,Kitchen & Dining,1,2,12
C042,P113,Photography & Cameras,4,5,45
C091,P104,Laptops & Computers,5,5,41
C055,P136,Fashion & Lifestyle,3,2,20
C077,P140,Fashion & Lifestyle,2,5,30
C106,P139,Fashion & Lifestyle,1,5,27
C118,P132,Gaming & Esports,4,5,39
C025,P131,Gaming & Esports,1,3,13
C112,P105,Laptops & Computers,3,4,39
C079,P108,Mobile & Accessories,5,4,39
C050,P132,Gaming & Esports,1,4,19
C016,P101,Laptops & Computers,3,5,46
C096,P120,Audio & Sound,3,5,37
C085,P107,Mobile & Accessories,3,4,34
C064,P118,Audio & Sound,5,4,49
C070,P117,Audio & Sound,2,3,24
C058,P132,Gaming & Esports,2,5,20
C143,P117,Audio & Sound,6,5,39
C003,P129,Kitchen & Dining,2,5,29
C014,P118,Audio & Sound,4,5,49
C148,P112,Photography & Cameras,5,4,30
C092,P127,Kitchen & Dining,4,4,49
C098,P123,Fitness & Sports,1,4,10
C147,P108,Mobile & Accessories,5,5,41
C019,P115,Photography & Cameras,6,5,55
C113,P138,Fashion & Lifestyle,2,4,39
C100,P102,Laptops & Computers,4,5,44
C147,P117,Audio & Sound,3,5,38
C126,P113,Photography & Cameras,4,4,36
C062,P114,Photography & Cameras,3,4,21
C019,P117,Audio & Sound,1,5,27
C031,P133,Gaming & Esports,1,5,7
C050,P122,Fitness & Sports,2,2,11
C130,P104,Laptops & Computers,3,5,28
C142,P137,Fashion & Lifestyle,1,5,23
C125,P113,Photography & Cameras,1,3,11
C053,P140,Fashion & Lifestyle,3,3,26
C106,P108,Mobile & Accessories,2,3,31
C049,P114,Photography & Cameras,1,2,24
C016,P107,Mobile & Accessories,2,4,15
C117,P124,Fitness & Sports,2,2,18
C002,P133,Gaming & Esports,1,3,18
C107,P107,Mobile & Accessories,1,2,7
C148,P113,Photography & Cameras,3,4,32
C055,P127,Kitchen & Dining,2,4,14
C067,P131,Gaming & Esports,6,4,64
C124,P111,Photography & Cameras,2,2,21
C101,P110,Mobile & Accessories,1,2,11
C127,P136,Fashion & Lifestyle,4,4,43
C096,P112,Photography & Cameras,4,5,43
C144,P135,Gaming & Esports,2,1,13
C029,P111,Photography & Cameras,1,4,14
C080,P117,Audio & Sound,4,4,51
C023,P108,Mobile & Accessories,5,4,39
C004,P110,Mobile & Accessories,1,3,20
C045,P105,Laptops & Computers,1,3,4
C146,P127,Kitchen & Dining,1,3,17
C023,P131,Gaming & Esports,2,4,19
C005,P105,Laptops & Computers,2,5,37
C076,P102,Laptops & Computers,2,5,25
C104,P113,Photography & Cameras,3,5,36
C048,P111,Photography & Cameras,3,5,42
C129,P114,Photography & Cameras,1,3,10
C148,P115,Photography & Cameras,3,4,48
C070,P115,Photography & Cameras,1,3,14
C138,P123,Fitness & Sports,5,4,53
C065,P109,Mobile & Accessories,3,3,38
C131,P138,Fashion & Lifestyle,1,3,8
C120,P105,Laptops & Computers,1,4,23
C114,P134,Gaming & Esports,1,4,10
C126,P137,Fashion & Lifestyle,1,4,25
C137,P105,Laptops & Computers,2,3,21
C080,P134,Gaming & Esports,1,2,33
C017,P132,Gaming & Esports,1,2,15
C095,P117,Audio & Sound,2,4,29
C116,P122,Fitness & Sports,1,3,15
C082,P118,Audio & Sound,4,5,34
C128,P139,Fashion & Lifestyle,3,5,43
C087,P109,Mobile & Accessories,1,3,10
C091,P137,Fashion & Lifestyle,1,1,15
C016,P105,Laptops & Computers,4,5,41
C138,P115,Photography & Cameras,2,3,15
C052,P138,Fashion & Lifestyle,3,5,34
C113,P101,Laptops & Computers,2,3,5
C123,P109,Mobile & Accessories,6,5,48
C127,P140,Fashion & Lifestyle,5,5,43
C011,P104,Laptops & Computers,2,4,35
C060,P107,Mobile & Accessories,2,5,33
C140,P103,Laptops & Computers,3,3,26
C113,P116,Audio & Sound,1,4,20
C007,P118,Audio & Sound,6,5,53
C015,P104,Laptops & Computers,5,5,37
C041,P105,Laptops & Computers,1,5,22
C146,P104,Laptops & Computers,2,5,38
C022,P101,Laptops & Computers,2,4,27
C150,P135,Gaming & Esports,1,4,14
C112,P118,Audio & Sound,1,5,29
C133,P104,Laptops & Computers,3,4,32
C002,P116,Audio & Sound,4,4,35
C101,P103,Laptops & Computers,8,5,60
C136,P119,Audio & Sound,4,5,34
C105,P105,Laptops & Computers,3,5,21
C046,P132,Gaming & Esports,2,2,26
C026,P127,Kitchen & Dining,1,4,26
C089,P128,Kitchen & Dining,5,4,53
C132,P109,Mobile & Accessories,2,4,40
C087,P130,Kitchen & Dining,5,3,47
C142,P138,Fashion & Lifestyle,2,4,21
C064,P108,Mobile & Accessories,1,4,28
C035,P120,Audio & Sound,1,3,27
C130,P114,Photography & Cameras,1,5,15
C027,P135,Gaming & Esports,3,4,41
C015,P133,Gaming & Esports,1,4,29
C048,P107,Mobile & Accessories,1,5,11
C065,P132,Gaming & Esports,1,3,13
C149,P138,Fashion & Lifestyle,1,5,17
C142,P136,Fashion & Lifestyle,5,3,42
C056,P119,Audio & Sound,6,5,34
C092,P105,Laptops & Computers,1,4,12
C050,P103,Laptops & Computers,3,5,49
C137,P131,Gaming & Esports,1,4,7
C115,P132,Gaming & Esports,2,4,4
C015,P118,Audio & Sound,2,5,36
C041,P119,Audio & Sound,4,3,43
C095,P126,Kitchen & Dining,5,5,45
C141,P102,Laptops & Computers,1,1,13
C067,P107,Mobile & Accessories,1,5,5
C048,P140,Fashion & Lifestyle,1,3,20
C019,P120,Audio & Sound,1,4,19
C113,P107,Mobile & Accessories,1,3,10
C120,P127,Kitchen & Dining,2,3,16
C062,P107,Mobile & Accessories,4,5,39
C015,P103,Laptops & Computers,2,4,39
C076,P108,Mobile & Accessories,4,3,14
C098,P105,Laptops & Computers,2,4,46
C020,P122,Fitness & Sports,2,3,11
C087,P139,Fashion & Lifestyle,8,4,65
C029,P109,Mobile & Accessories,2,5,32
C030,P134,Gaming & Esports,3,4,41
C138,P111,Photography & Cameras,1,1,24
C041,P117,Audio & Sound,7,5,49
C013,P138,Fashion & Lifestyle,2,4,29
C119,P140,Fashion & Lifestyle,2,3,28
C021,P117,Audio & Sound,4,5,44
C083,P105,Laptops & Computers,1,4,11
C025,P105,Laptops & Computers,7,4,59
C143,P114,Photography & Cameras,4,5,40
C141,P103,Laptops & Computers,1,3,8
C114,P130,Kitchen & Dining,1,5,17
C039,P106,Mobile & Accessories,8,5,56
C133,P103,Laptops & Computers,4,4,32
C085,P121,Fitness & Sports,1,3,17
C023,P109,Mobile & Accessories,2,5,38
C065,P134,Gaming & Esports,1,3,9
C001,P120,Audio & Sound,3,5,41
C012,P127,Kitchen & Dining,3,5,34
C071,P126,Kitchen & Dining,8,5,73
C143,P104,Laptops & Computers,1,5,25
C095,P132,Gaming & Esports,1,3,4
C133,P132,Gaming & Esports,4,5,44
C126,P104,Laptops & Computers,4,5,36
C137,P102,Laptops & Computers,7,5,52
C045,P133,Gaming & Esports,2,2,21
C113,P140,Fashion & Lifestyle,3,4,50
C123,P104,Laptops & Computers,1,3,6
C067,P108,Mobile & Accessories,1,1,19
C138,P113,Photography & Cameras,1,1,14
C123,P103,Laptops & Computers,2,3,5
C134,P138,Fashion & Lifestyle,1,3,42
C033,P107,Mobile & Accessories,2,3,16
C066,P126,Kitchen & Dining,1,3,15
C072,P113,Photography & Cameras,1,2,14
C126,P138,Fashion & Lifestyle,1,3,26
C097,P116,Audio & Sound,4,3,46
C064,P120,Audio & Sound,1,4,27
C065,P108,Mobile & Accessories,3,5,36
C128,P128,Kitchen & Dining,2,4,33
C123,P108,Mobile & Accessories,2,5,35
C147,P121,Fitness & Sports,3,4,42
C123,P125,Fitness & Sports,1,3,12
C134,P103,Laptops & Computers,4,2,29
C133,P117,Audio & Sound,4,5,41
C144,P140,Fashion & Lifestyle,6,5,38
C139,P108,Mobile & Accessories,5,4,52
C080,P125,Fitness & Sports,1,4,17
C065,P105,Laptops & Computers,1,3,20
C101,P126,Kitchen & Dining,2,5,24
C056,P127,Kitchen & Dining,3,5,32
C069,P102,Laptops & Computers,2,4,16
C058,P108,Mobile & Accessories,2,4,15
C110,P123,Fitness & Sports,3,5,4
C124,P117,Audio & Sound,5,4,48
C116,P139,Fashion & Lifestyle,6,5,47
C053,P137,Fashion & Lifestyle,2,4,30
C105,P109,Mobile & Accessories,3,2,22
C055,P122,Fitness & Sports,1,4,17
C117,P136,Fashion & Lifestyle,5,4,39
C076,P119,Audio & Sound,1,3,18
C139,P109,Mobile & Accessories,4,5,31
C049,P105,Laptops & Computers,1,4,27
C010,P123,Fitness & Sports,2,4,40
C102,P110,Mobile & Accessories,3,5,37
C057,P130,Kitchen & Dining,4,1,22
C124,P105,Laptops & Computers,5,5,54
C075,P107,Mobile & Accessories,5,3,39
C086,P116,Audio & Sound,3,3,32
C088,P122,Fitness & Sports,2,5,32
C103,P105,Laptops & Computers,1,3,10
C021,P106,Mobile & Accessories,4,5,53
C040,P120,Audio & Sound,3,4,31
C080,P135,Gaming & Esports,5,5,42
C086,P110,Mobile & Accessories,4,4,46
C040,P123,Fitness & Sports,1,4,8
C077,P134,Gaming & Esports,1,4,22
C138,P109,Mobile & Accessories,3,5,39
C122,P140,Fashion & Lifestyle,3,5,32
C102,P124,Fitness & Sports,1,5,25
C065,P133,Gaming & Esports,1,1,19
C063,P120,Audio & Sound,1,5,21
C096,P103,Laptops & Computers,5,4,59
C074,P138,Fashion & Lifestyle,2,4,36
C069,P127,Kitchen & Dining,1,1,9
C011,P105,Laptops & Computers,3,4,38
C080,P105,Laptops & Computers,2,4,32
C041,P124,Fitness & Sports,1,3,14
C051,P123,Fitness & Sports,3,3,25
C106,P133,Gaming & Esports,1,4,4
C105,P140,Fashion & Lifestyle,1,5,34
C093,P130,Kitchen & Dining,3,3,37
C078,P110,Mobile & Accessories,1,3,9
C021,P110,Mobile & Accessories,1,4,34
C014,P127,Kitchen & Dining,1,3,10
C104,P105,Laptops & Computers,2,4,41
C005,P131,Gaming & Esports,5,5,47
C101,P107,Mobile & Accessories,1,2,18
C023,P107,Mobile & Accessories,2,5,32
C039,P105,Laptops & Computers,1,4,15
C029,P113,Photography & Cameras,1,3,7
C043,P105,Laptops & Computers,3,5,39
C040,P138,Fashion & Lifestyle,1,4,8
C060,P106,Mobile & Accessories,3,4,36
C115,P121,Fitness & Sports,5,5,38
C108,P126,Kitchen & Dining,3,4,35
C066,P119,Audio & Sound,3,4,41
C114,P139,Fashion & Lifestyle,4,4,50
C134,P120,Audio & Sound,3,5,33
C053,P138,Fashion & Lifestyle,2,5,29
C008,P117,Audio & Sound,1,5,29
C002,P132,Gaming & Esports,2,5,16
C116,P128,Kitchen & Dining,3,3,34
C106,P120,Audio & Sound,2,5,35
C050,P134,Gaming & Esports,1,4,23
C039,P123,Fitness & Sports,3,5,39
C019,P103,Laptops & Computers,2,3,26
C077,P129,Kitchen & Dining,2,5,34
C022,P131,Gaming & Esports,6,4,59
C079,P119,Audio & Sound,2,4,42
C107,P115,Photography & Cameras,3,5,29
C087,P117,Audio & Sound,1,4,8
C034,P119,Audio & Sound,1,3,31
C073,P104,Laptops & Computers,2,4,20
C030,P104,Laptops & Computers,3,4,28
C101,P127,Kitchen & Dining,2,3,10
C125,P122,Fitness & Sports,2,3,12
C047,P116,Audio & Sound,3,4,42
C150,P127,Kitchen & Dining,2,3,16
C081,P108,Mobile & Accessories,2,4,18
C027,P133,Gaming & Esports,7,5,64
C100,P103,Laptops & Computers,3,5,32
C021,P108,Mobile & Accessories,2,5,30
C017,P107,Mobile & Accessories,3,4,32
C074,P101,Laptops & Computers,1,2,12
C041,P103,Laptops & Computers,3,4,43
C071,P128,Kitchen & Dining,2,5,26
C112,P106,Mobile & Accessories,2,2,14
C057,P104,Laptops & Computers,4,4,45
C138,P112,Photography & Cameras,1,4,17
C102,P117,Audio & Sound,3,5,30
C102,P107,Mobile & Accessories,2,5,38
C138,P120,Audio & Sound,3,4,34
C109,P107,Mobile & Accessories,2,5,25
C021,P124,Fitness & Sports,5,5,45
C005,P110,Mobile & Accessories,2,4,14
C078,P118,Audio & Sound,4,4,36
C052,P119,Audio & Sound,1,5,12
C142,P108,Mobile & Accessories,1,4,21
C144,P106,Mobile & Accessories,4,5,44
C148,P111,Photography & Cameras,5,4,33
C136,P138,Fashion & Lifestyle,1,4,20
C010,P108,Mobile & Accessories,3,4,37
C134,P108,Mobile & Accessories,1,2,20
C089,P110,Mobile & Accessories,2,5,19
C057,P134,Gaming & Esports,2,5,22
C134,P117,Audio & Sound,8,5,64
C078,P109,Mobile & Accessories,1,3,5
C024,P122,Fitness & Sports,4,3,28
C002,P118,Audio & Sound,2,3,31
C032,P104,Laptops & Computers,3,4,44
C061,P109,Mobile & Accessories,3,5,31
C039,P107,Mobile & Accessories,1,4,24
C127,P130,Kitchen & Dining,1,5,22
C017,P119,Audio & Sound,2,4,28
C083,P133,Gaming & Esports,1,4,8
C003,P109,Mobile & Accessories,2,4,31
C066,P113,Photography & Cameras,5,5,51
C114,P131,Gaming & Esports,1,4,8
C083,P116,Audio & Sound,3,4,35
C124,P130,Kitchen & Dining,1,3,12
C057,P122,Fitness & Sports,2,4,19
C146,P137,Fashion & Lifestyle,1,4,5
C070,P138,Fashion & Lifestyle,1,5,36
C095,P127,Kitchen & Dining,2,4,24
C019,P113,Photography & Cameras,4,4,42
C098,P103,Laptops & Computers,4,5,37
C071,P113,Photography & Cameras,2,4,30
C146,P110,Mobile & Accessories,2,4,23
C052,P126,Kitchen & Dining,2,5,36
C107,P104,Laptops & Computers,2,5,38
C048,P115,Photography & Cameras,3,4,30
C085,P110,Mobile & Accessories,1,4,30
C076,P126,Kitchen & Dining,3,5,39
C026,P126,Kitchen & Dining,3,4,49
C003,P140,Fashion & Lifestyle,4,5,52
C131,P133,Gaming & Esports,3,3,26
C047,P110,Mobile & Accessories,2,5,21
C116,P138,Fashion & Lifestyle,3,5,31
C028,P112,Photography & Cameras,3,4,38
C095,P130,Kitchen & Dining,5,5,46
C120,P126,Kitchen & Dining,1,5,4
C039,P110,Mobile & Accessories,4,5,32
C081,P116,Audio & Sound,6,4,48
C140,P139,Fashion & Lifestyle,2,4,27
C147,P109,Mobile & Accessories,2,5,35
C035,P113,Photography & Cameras,2,4,16
C078,P134,Gaming & Esports,2,4,33
C131,P115,Photography & Cameras,3,5,24
C014,P101,Laptops & Computers,6,5,50
C086,P135,Gaming & Esports,1,3,5
C112,P133,Gaming & Esports,7,5,49
C137,P108,Mobile & Accessories,1,5,4
C010,P107,Mobile & Accessories,1,4,28
C144,P116,Audio & Sound,2,5,28
C034,P140,Fashion & Lifestyle,3,5,39
C122,P116,Audio & Sound,2,5,27
C048,P106,Mobile & Accessories,1,4,7
C013,P128,Kitchen & Dining,5,4,42
C104,P115,Photography & Cameras,2,5,27
C108,P137,Fashion & Lifestyle,3,4,30
C112,P102,Laptops & Computers,2,4,37
C127,P129,Kitchen & Dining,2,5,33
C085,P119,Audio & Sound,7,4,68
C142,P130,Kitchen & Dining,2,4,22
C112,P104,Laptops & Computers,1,4,31
